alexandria, ghcr.io/ocicl/alexandria@sha256:e433c2e076ed3bcf8641b97b00192680db2201d305efac9293539dee88c7fbf7, alexandria-20240503-8514d8e/alexandria.asd
bordeaux-threads, ghcr.io/ocicl/bordeaux-threads@sha256:bbb32afe3987e102149cc019f4f7366a05f7a37d1503f5f86a27745e671c320a, bordeaux-threads-0.9.4/bordeaux-threads.asd
cl-fad, ghcr.io/ocicl/cl-fad@sha256:c0aaffc859e419e0a94cedb08f48c2484da404363fb0fe4ffd6e09a80aadafe1, cl-fad-0.7.6/cl-fad.asd
cl-ppcre, ghcr.io/ocicl/cl-ppcre@sha256:bf073924cf4fd5957a4fd961a95d446ed0e53fa32a5002cbd2d52182874f45e5, cl-ppcre-20250606-a2ea581/cl-ppcre.asd
cl-ppcre-unicode, ghcr.io/ocicl/cl-ppcre@sha256:bf073924cf4fd5957a4fd961a95d446ed0e53fa32a5002cbd2d52182874f45e5, cl-ppcre-20250606-a2ea581/cl-ppcre-unicode.asd
global-vars, ghcr.io/ocicl/global-vars@sha256:d197e871c9c9abc4bf31b1186f5fd28f0ca848ebe2e9dddf2d82ecee01dbdc65, global-vars-20240503-c749f32/global-vars.asd
global-vars-test, ghcr.io/ocicl/global-vars@sha256:d197e871c9c9abc4bf31b1186f5fd28f0ca848ebe2e9dddf2d82ecee01dbdc65, global-vars-20240503-c749f32/global-vars-test.asd
ltk, ghcr.io/ocicl/ltk@sha256:7b5144463f26c4024779ce84d8bf82c809dd063af77f1c00a1cd7a0baefc7d2b, ltk-20240503-2ec6a15/ltk/ltk.asd
ltk-mw, ghcr.io/ocicl/ltk@sha256:7b5144463f26c4024779ce84d8bf82c809dd063af77f1c00a1cd7a0baefc7d2b, ltk-20240503-2ec6a15/ltk/ltk-mw.asd
ltk-remote, ghcr.io/ocicl/ltk@sha256:7b5144463f26c4024779ce84d8bf82c809dd063af77f1c00a1cd7a0baefc7d2b, ltk-20240503-2ec6a15/ltk/ltk-remote.asd
trivial-features, ghcr.io/ocicl/trivial-features@sha256:e278e24d39060fc7d3715531b16ddd9ab7f93f22ade53e436c0b86dbae3aa065, trivial-features-1.0/trivial-features.asd
trivial-features-tests, ghcr.io/ocicl/trivial-features@sha256:e278e24d39060fc7d3715531b16ddd9ab7f93f22ade53e436c0b86dbae3aa065, trivial-features-1.0/trivial-features-tests.asd
trivial-garbage, ghcr.io/ocicl/trivial-garbage@sha256:a85dcf4110ad60ae9f6c70970acceb2bf12402ce5326891643d35506059afb1d, trivial-garbage-20240503-3474f64/trivial-garbage.asd
vgplot, ghcr.io/ocicl/vgplot@sha256:0aea2517ab7a1e25efe2850398c6c0689a2046dd99f8cc445b32bdd017db2a32, vgplot-20240503-7632992/vgplot.asd
